ID,TITLE,DESCRIPTION
1,データベース設計入門,効率的なスキーマ設計と正規化の手法について解説。
2,SQLの基本と応用,データ抽出や更新、複雑なクエリの書き方を学ぶ。
3,Oracleアーキテクチャ,インデックス、パーティション、内部構造の詳細。
4,Pythonで学ぶデータ処理,ETL処理やデータ変換、クレンジングの方法を説明。
5,AI時代のデータ活用,機械学習を活用したデータ分析の応用例を紹介。
6,クラウドシステム開発,OCIを活用したスケーラブルな設計。
7,ソフトウェアアーキテクチャ,マイクロサービスやモノリスアーキテクチャの概念。
8,Linuxの運用管理,サーバーの設定やシェルスクリプトの活用法を解説。
9,ネットワーク基礎知識,IPアドレスやルーティング、セキュリティの基本。
10,モダンなWeb開発,フロントエンド・バックエンドの統合技術を学ぶ。
11,データベース最適化,パフォーマンスチューニングとSQL最適化のテクニック。
12,トラブルシューティング手法,システム障害の解析と復旧手順についての実践的知識。
13,ビッグデータ解析,分散処理を用いたデータの収集と分析手法を紹介。
14,機械学習モデルの評価,精度向上のためのハイパーパラメータ調整を学ぶ。
15,クラウドのセキュリティ対策,IAMやネットワーク制御を活用した安全なシステム構築。
16,DevOps実践ガイド,CI/CDパイプラインや自動化のベストプラクティス。
17,コンテナ技術の全貌,DockerとKubernetesを用いたアプリ運用の解説。
18,データサイエンスの基礎,統計解析やデータ可視化の方法を詳しく学ぶ。
19,大規模システムの設計,分散システムやスケーラブルな構成の設計指針。
20,自然言語処理の基礎,テキストデータの前処理からモデル構築までを解説。
21,データモデリング手法,ER図の作成や正規化・非正規化のバランスを学ぶ。
22,クラウドネイティブアプリ,コンテナとマイクロサービスの連携による開発手法。
23,Kubernetes活用術,クラスタ管理やリソース最適化のノウハウを解説。
24,NoSQLの基礎と実践,ドキュメント指向DBやKey-Valueストアの特徴。
25,データベース運用管理,バックアップ戦略やリカバリ手法の実践的解説。
26,RDBMSの高度な設計,データベースの設計パターンとトランザクション管理。
27,Pythonでデータ分析,機械学習ライブラリを活用した分析手法を紹介。
28,Javaとデータベース接続,JDBCやORMを活用したデータ連携の実装方法。
29,データストレージ戦略,オンプレミスとクラウドストレージの比較と最適化。
30,SQLで学ぶデータ処理,ウィンドウ関数やサブクエリの活用方法を詳しく解説。
